{
    "0.0001": [
        9.692213752389788e-06,
        9.692213752389788e-06,
        9.692213752389788e-06,
        9.692213752389788e-06
    ],
    "0.0002": [
        4.319471533255308e-05,
        4.319471533255308e-05,
        4.319471533255308e-05,
        4.319471533255308e-05
    ],
    "0.0003": [
        0.00010062235275571509,
        0.00010062235275571507,
        0.00010062235275571509,
        0.00010062235275571509
    ],
    "0.0004": [
        0.00018196688202747136,
        0.0001819668820274714,
        0.00018196688202747136,
        0.0001819668820274714
    ],
    "0.0005": [
        0.00028721662820734657,
        0.00028721662820734614,
        0.00028721662820734657,
        0.00028721662820734614
    ],
    "0.0006": [
        0.0004163564895968903,
        0.00041635648959688994,
        0.0004163564895968903,
        0.0004163564895968899
    ],
    "0.0007": [
        0.0005693679431548476,
        0.0005693679431548476,
        0.0005693679431548476,
        0.0005693679431548476
    ],
    "0.0008": [
        0.000746229051135781,
        0.000746229051135781,
        0.0007462290511357811,
        0.000746229051135781
    ],
    "0.0009": [
        0.0009469144689477003,
        0.0009469144689477006,
        0.0009469144689477002,
        0.0009469144689477005
    ],
    "0.001": [
        0.0011713954542234592,
        0.0011713954542234592,
        0.0011713954542234592,
        0.0011713954542234592
    ],
    "0.0011": [
        0.0014196398770998564,
        0.0014196398770998564,
        0.0014196398770998564,
        0.0014196398770998564
    ],
    "0.0012": [
        0.0016916122316975883,
        0.0016916122316975887,
        0.0016916122316975883,
        0.0016916122316975887
    ],
    "0.0013": [
        0.0019872736487944157,
        0.001987273648794416,
        0.0019872736487944157,
        0.001987273648794416
    ],
    "0.0014": [
        0.002306581909683106,
        0.0023065819096831056,
        0.002306581909683106,
        0.0023065819096831056
    ],
    "0.0015": [
        0.0026494914612049426,
        0.0026494914612049435,
        0.0026494914612049426,
        0.0026494914612049435
    ],
    "0.0016": [
        0.003015953431948873,
        0.003015953431948873,
        0.0030159534319488734,
        0.0030159534319488734
    ],
    "0.0017": [
        0.0034059156496055072,
        0.003405915649605509,
        0.003405915649605509,
        0.0034059156496055072
    ],
    "0.0018": [
        0.0038193226594645767,
        0.0038193226594645767,
        0.0038193226594645767,
        0.0038193226594645767
    ],
    "0.0019": [
        0.004256115744043594,
        0.004256115744043594,
        0.004256115744043594,
        0.004256115744043594
    ],
    "0.002": [
        0.0047162329438348635,
        0.0047162329438348635,
        0.0047162329438348635,
        0.0047162329438348635
    ],
    "0.0021": [
        0.005199609079157174,
        0.005199609079157175,
        0.005199609079157174,
        0.005199609079157175
    ],
    "0.0022": [
        0.005706175773097892,
        0.005706175773097893,
        0.005706175773097892,
        0.005706175773097893
    ],
    "0.0023": [
        0.006235861475530489,
        0.00623586147553049,
        0.006235861475530489,
        0.00623586147553049
    ],
    "0.0024": [
        0.00678859148819184,
        0.006788591488191844,
        0.00678859148819184,
        0.006788591488191844
    ],
    "0.0025": [
        0.007364287990803034,
        0.007364287990803034,
        0.007364287990803034,
        0.007364287990803034
    ],
    "0.0026": [
        0.007962870068216747,
        0.007962870068216747,
        0.007962870068216747,
        0.007962870068216747
    ],
    "0.0027": [
        0.008584253738573742,
        0.008584253738573742,
        0.008584253738573742,
        0.008584253738573742
    ],
    "0.0028": [
        0.009228351982450275,
        0.009228351982450275,
        0.009228351982450275,
        0.009228351982450275
    ],
    "0.0029": [
        0.00989507477297787,
        0.00989507477297787,
        0.00989507477297787,
        0.00989507477297787
    ],
    "0.003": [
        0.010584329106916087,
        0.010584329106916087,
        0.010584329106916087,
        0.010584329106916087
    ],
    "0.0031": [
        0.011296019036658611,
        0.011296019036658613,
        0.011296019036658611,
        0.011296019036658613
    ],
    "0.0032": [
        0.012030045703152371,
        0.01203004570315238,
        0.012030045703152371,
        0.01203004570315238
    ],
    "0.0033": [
        0.012786307369708901,
        0.012786307369708906,
        0.012786307369708901,
        0.012786307369708906
    ],
    "0.0034": [
        0.013564699456686676,
        0.013564699456686678,
        0.013564699456686676,
        0.013564699456686678
    ],
    "0.0035": [
        0.014365114577022779,
        0.014365114577022772,
        0.014365114577022779,
        0.014365114577022772
    ],
    "0.0036": [
        0.015187442572591746,
        0.015187442572591746,
        0.015187442572591746,
        0.015187442572591744
    ],
    "0.0037": [
        0.016031570551369053,
        0.016031570551369053,
        0.016031570551369053,
        0.016031570551369053
    ],
    "0.0038": [
        0.016897382925376354,
        0.016897382925376354,
        0.016897382925376354,
        0.016897382925376354
    ],
    "0.0039": [
        0.0177847614493851,
        0.0177847614493851,
        0.0177847614493851,
        0.0177847614493851
    ],
    "0.004": [
        0.018693585260354986,
        0.018693585260354986,
        0.018693585260354986,
        0.018693585260354986
    ],
    "0.0041": [
        0.01962373091758344,
        0.01962373091758344,
        0.01962373091758344,
        0.01962373091758344
    ],
    "0.0042": [
        0.020575072443541443,
        0.020575072443541443,
        0.020575072443541443,
        0.020575072443541443
    ],
    "0.0043": [
        0.021547481365371723,
        0.021547481365371723,
        0.021547481365371723,
        0.021547481365371723
    ],
    "0.0044": [
        0.02254082675702411,
        0.022540826757024113,
        0.022540826757024113,
        0.022540826757024113
    ],
    "0.0045": [
        0.02355497528200343,
        0.023554975282003437,
        0.023554975282003426,
        0.023554975282003426
    ],
    "0.0046": [
        0.024589791236704395,
        0.024589791236704395,
        0.024589791236704395,
        0.024589791236704395
    ],
    "0.0047": [
        0.02564513659430839,
        0.02564513659430839,
        0.02564513659430839,
        0.02564513659430839
    ],
    "0.0048": [
        0.026720871049216402,
        0.026720871049216402,
        0.026720871049216402,
        0.026720871049216402
    ],
    "0.0049": [
        0.027816852061992636,
        0.027816852061992636,
        0.027816852061992636,
        0.027816852061992636
    ],
    "0.005": [
        0.028932934904792776,
        0.02893293490479279,
        0.028932934904792776,
        0.02893293490479279
    ],
    "0.0051": [
        0.030068972707251312,
        0.030068972707251302,
        0.030068972707251312,
        0.030068972707251302
    ],
    "0.0052": [
        0.03122481650280157,
        0.03122481650280157,
        0.03122481650280157,
        0.03122481650280157
    ],
    "0.0053": [
        0.03240031527540304,
        0.03240031527540304,
        0.03240031527540304,
        0.03240031527540304
    ],
    "0.0054": [
        0.03359531600664937,
        0.03359531600664937,
        0.03359531600664937,
        0.03359531600664937
    ],
    "0.0055": [
        0.03480966372323144,
        0.034809663723231445,
        0.03480966372323144,
        0.034809663723231445
    ],
    "0.0056": [
        0.03604320154472933,
        0.03604320154472933,
        0.03604320154472933,
        0.03604320154472933
    ],